title,author,Coverdate,Volume,Issue,Pages,DOI
Editors Letter,Brian R Bruce,Winter 2006,1,(1),1,https://doi.org/10.3905/jot.2006.609250
Creating A Hierarchy of Trading Decisions,Wayne H. Wagner,Winter 2006,1,(1),6-11,https://doi.org/10.3905/jot.2006.609170
Algorithmic Decision-Making Framework,Robert Kissell and Roberto Malamut,Winter 2006,1,(1),12-21,https://doi.org/10.3905/jot.2006.609171
Choosing Benchmarks vs. Choosing Strategies,George Sofianos,Winter 2006,1,(1),22-25,https://doi.org/10.3905/jot.2006.609172
Choosing Benchmarks vs. Choosing Strategies,Dmitry Rakhlin and George Sofianos,Winter 2006,1,(1),26-32,https://doi.org/10.3905/jot.2006.609173
The Cost of Algorithmic Trading,Ian Domowitz and Henry Yegerman,Winter 2006,1,(1),33-42,https://doi.org/10.3905/jot.2006.609174
Sell-Side Algorithmic Offerings,Richard Rosenblatt and Joseph Gawronski,Winter 2006,1,(1),43-45,https://doi.org/10.3905/jot.2006.609175
Regulation NMS,Laura S. Pruitt and Howard L. Kramer,Winter 2006,1,(1),47-54,https://doi.org/10.3905/jot.2006.609176
Implementing an Active Currency Strategy Using FX Prime Brokerage and Electronic Trading,Philip Simotas,Winter 2006,1,(1),55-57,https://doi.org/10.3905/jot.2006.618225
Decision Making in Equity Trading,"Robert A. Schwartz,Reto Francioni and Bruce W. Weber",Winter 2006,1,(1),59-74,https://doi.org/10.3905/jot.2006.618224
Editor's Letter,Brian R Bruce,Spring 2006,1,(2),5,https://doi.org/10.3905/jot.2006.628200
"Improving Hedge Fund Risk Exposures by Hedging Equity Market Volatility, or How the VIX Ate My Kurtosis",Keith H. Black,Spring 2006,1,(2),6-15,https://doi.org/10.3905/jot.2006.628190
Using Dynamic Programming to Optimally Rebalance Portfolios,"Walter Sun,Ayres Fan,Li-Wei Chen,Tom Schouwenaars and Marius A. Albota",Spring 2006,1,(2),16-27,https://doi.org/10.3905/jot.2006.628191
Incorporating Trading Strategies in the Black-Litterman Framework,"Frank J. Fabozzi,Sergio M. Focardi and Petter N. Kolm",Spring 2006,1,(2),28-37,https://doi.org/10.3905/jot.2006.628192
VWAP and Volume Profiles,Dana D. Hobson,Spring 2006,1,(2),38-42,https://doi.org/10.3905/jot.2006.628193
The Impact of an Increase in Volatility on Trading Costs,Dmitry Rakhlin and George Sofianos,Spring 2006,1,(2),43-50,https://doi.org/10.3905/jot.2006.628194
Currency Derivative Markets Landscape,John W. Labuszewski,Spring 2006,1,(2),51-61,https://doi.org/10.3905/jot.2006.628195
Survivorship Bias in the Development of Equity Trading Systems,Thomas Neal Falkenberry,Spring 2006,1,(2),62-68,https://doi.org/10.3905/jot.2006.628196
Trading on Electronic versus Floor-based Markets,Jeffrey W. Smith,Spring 2006,1,(2),69-75,https://doi.org/10.3905/jot.2006.628197
Against the Duopoly,Joshua Galper,Spring 2006,1,(2),76-79,https://doi.org/10.3905/jot.2006.628198
Risk Isolation Using Market Neutral Strategy,Darren Clifford,Spring 2006,1,(2),80-82,https://doi.org/10.3905/jot.2006.628199
The Expanded Implementation Shortfall,Robert Kissell,Summer 2006,1,(3),6-16,https://doi.org/10.3905/jot.2006.644083
Exchange Mergers,Ted Oberhaus and Milton Ezrati,Summer 2006,1,(3),17-19,https://doi.org/10.3905/jot.2006.644084
Using Neural Networks to Analyze Intermarket Relationships,Louis B. Mendelsohn,Summer 2006,1,(3),20-24,https://doi.org/10.3905/jot.2006.644085
Multi-day Executions,Tianwu (Michael) Cai and George Sofianos,Summer 2006,1,(3),25-33,https://doi.org/10.3905/jot.2006.644086
Let's Play Hide-and-Seek,"Steve Bongiovanni,Milan Borkovec and Robert D. Sinclair",Summer 2006,1,(3),34-46,https://doi.org/10.3905/jot.2006.644087
Nasdaq's Electronic Closing Cross,Jeffrey W. Smith,Summer 2006,1,(3),47-64,https://doi.org/10.3905/jot.2006.644088
Diversification of Stock Exchange Trading Platforms,Takeshi Inoue,Summer 2006,1,(3),65-72,https://doi.org/10.3905/jot.2006.644089
Timely Execution,"Thomas Schneeweis,Richard B Spurgin and Bhaswar Gupta",Summer 2006,1,(3),73-81,https://doi.org/10.3905/jot.2006.644090
"A Brief History of TCA, Its Shortcomings, and a Proposed Framework for Integrating Trading into the Investment Process",Joseph Gawronski and Scott Burrill,Summer 2006,1,(3),82-86,https://doi.org/10.3905/jot.2006.644091
Editor's Letter,Brian R Bruce,Fall 2006,1,(4),5,https://doi.org/10.3905/jot.2006.654307
Principal Bid vs. Agency Trading,Anna Bystrik and Akis Georgiou,Fall 2006,1,(4),6-13,https://doi.org/10.3905/jot.2006.654297
An Analysis of Short Selling in NYSE-listed Securities,"Benjamin M. Blau,Bonnie F. Van Ness and Robert A. Van Ness",Fall 2006,1,(4),14-21,https://doi.org/10.3905/jot.2006.654298
Is It Prudent to Trade Around Analyst Recommendation Changes?,"Amber Anand,S. G. Badrinath,Sugato Chakravarty and Robert A. Wood",Fall 2006,1,(4),22-37,https://doi.org/10.3905/jot.2006.654299
Bayesian Adaptive Trading with a Daily Cycle,Robert Almgren and Julian Lorenz,Fall 2006,1,(4),38-46,https://doi.org/10.3905/jot.2006.654300
Accessing Displayed and Non-Displayed Liquidity,Kwaku Abrokwah and George Sofianos,Fall 2006,1,(4),47-57,https://doi.org/10.3905/jot.2006.654301
A Framework for Evaluating Trades in the Credit Derivatives Market,"Douglas J. Lucas,Laurie S. Goodman and Frank J. Fabozzi",Fall 2006,1,(4),58-69,https://doi.org/10.3905/jot.2006.654302
Measuring Market Impact and Liquidity,"Galen Burghardt,Jerry Hanweck and Lauren Lei",Fall 2006,1,(4),70-84,https://doi.org/10.3905/jot.2006.654303
Should I Fire My Trader or Pay Him A Million?,Gary Karz and Wayne H. Wagner,Fall 2006,1,(4),85-89,https://doi.org/10.3905/jot.2006.654304
When Transactions Went High-Tech,Nikolaj Hesselholt Munck,Fall 2006,1,(4),90-103,https://doi.org/10.3905/jot.2006.654305
Systematic Internalisers—The New Trading Animals in Europe,Peter Gomber and Roland Wittner,Fall 2006,1,(4),104-110,https://doi.org/10.3905/jot.2006.654306
Editor's Letter,Brian R Bruce,Winter 2007,2,(1),8,https://doi.org/10.3905/jot.2007.669808
Trade Shredding,Lynn Phillips Kugele and Robert A. Wood,Winter 2007,2,(1),9-29,https://doi.org/10.3905/jot.2007.669797
VWAP Cost Excluding Own Trades,Gang Hu,Winter 2007,2,(1),30-34,https://doi.org/10.3905/jot.2007.669798
Market Transparency and Institutional Trader Behavior after a Tick Change,Ryan Garvey and Fei Wu,Winter 2007,2,(1),35-48,https://doi.org/10.3905/jot.2007.669800
TRACE,Harrell Smith,Winter 2007,2,(1),49-66,https://doi.org/10.3905/jot.2007.669801
"Investor Type, Transaction Fees, and Single-Stock Futures",Travis L. Jones,Winter 2007,2,(1),67-72,https://doi.org/10.3905/jot.2007.669802
Articulating True Willingness to Trade,Anders Mårtensson,Winter 2007,2,(1),73-78,https://doi.org/10.3905/jot.2007.669803
Trading the CDS Basis,Moorad Choudhry,Winter 2007,2,(1),79-94,https://doi.org/10.3905/jot.2007.669805
Convergence of Energy and Financial Markets,"Prabhu Anbunathan,Pradeep Roy and Raghu Anantharam",Winter 2007,2,(1),95-102,https://doi.org/10.3905/jot.2007.669806
The Buyside and the Three Phase-Evolution of Electronic Trading,Peter Curley,Winter 2007,2,(1),103-106,https://doi.org/10.3905/jot.2007.669807
Editor's Letter,Brian R Bruce,Spring 2007,2,(2),9,https://doi.org/10.3905/jot.2007.682147
Execution Risk,Robert F Engle and Robert Ferstenberg,Spring 2007,2,(2),10-20,https://doi.org/10.3905/jot.2007.682136
Equity Trading Capacity Revisited,Joanne M. Hill,Spring 2007,2,(2),21-36,https://doi.org/10.3905/jot.2007.682137
Sources of Intraday Noise,"Kimberly C. Gleason,Chun I Lee and Jeff Madura",Spring 2007,2,(2),37-52,https://doi.org/10.3905/jot.2007.682138
Statistical Methods to Compare Algorithmic Performance,Robert Kissell,Spring 2007,2,(2),53-62,https://doi.org/10.3905/jot.2007.682139
Who Wants to Dance?,Thomas O. Miller and Michael S. Pagano,Spring 2007,2,(2),63-72,https://doi.org/10.3905/jot.2007.682140
Trading Volatility in the Asian Sub-Continent,Shiv Kumar and Kishore Kumar,Spring 2007,2,(2),73-76,https://doi.org/10.3905/jot.2007.682141
Internalization in European Equity Markets Following the Adoption of the EU MiFID Directive,Mario Anolli and Giovanni Petrella,Spring 2007,2,(2),77-88,https://doi.org/10.3905/jot.2007.682142
Effects of Regulations and Technology on U.S. Stocks,Dana D Hobson,Spring 2007,2,(2),89-96,https://doi.org/10.3905/jot.2007.682143
"Hello Hybrid, Goodbye Price Improvement!",Leslie Boni and Michael Rosen,Spring 2007,2,(2),97-101,https://doi.org/10.3905/jot.2007.682144
Is This Really Goodbye? And Why?,Joseph Gawronski,Spring 2007,2,(2),102-107,https://doi.org/10.3905/jot.2007.682145
Liquidity Aggregation,Gabriel Butler,Spring 2007,2,(2),108-114,https://doi.org/10.3905/jot.2007.682146
Editor's Letter,Brian R Bruce,Summer 2007,2,(3),10,https://doi.org/10.3905/jot.2007.688955
Shortfall Surprises,Kwaku Abrokwah and George Sofianos,Summer 2007,2,(3),11-31,https://doi.org/10.3905/jot.2007.688944
"If Best Execution Is a Process, What Does That Process Look Like?",Wayne H. Wagner and Mark Edwards,Summer 2007,2,(3),32-36,https://doi.org/10.3905/jot.2007.688945
Noise Trading and Market Efficiency,Damir Tokic,Summer 2007,2,(3),37-44,https://doi.org/10.3905/jot.2007.688946
Implied Trading in Energy Futures,John J. Blank,Summer 2007,2,(3),45-48,https://doi.org/10.3905/jot.2007.688948
MiFID Best Execution Benchmark,Kiran Karande,Summer 2007,2,(3),49-57,https://doi.org/10.3905/jot.2007.688949
How Important Is Money Management?,Paul Lajbcygier and Eugene Lim,Summer 2007,2,(3),58-75,https://doi.org/10.3905/jot.2007.688950
Time of Day and Market Impact,Scott Lyden,Summer 2007,2,(3),76-81,https://doi.org/10.3905/jot.2007.688951
Clearing the Hurdle,Jarod Winters and Scott Kurland,Summer 2007,2,(3),82-83,https://doi.org/10.3905/jot.2007.688952
A Boosting Approach for Automated Trading,Germán Creamer and Yoav Freund,Summer 2007,2,(3),84-96,https://doi.org/10.3905/jot.2007.688953
VIX Futures and Options,Matthew T. Moran and Srikant Dash,Summer 2007,2,(3),96-105,https://doi.org/10.3905/jot.2007.688954
Four Easy Pieces,Jamie Selway,Fall 2007,2,(4),1-2,https://doi.org/10.3905/jot.2007.694831
Editor's Letter,Brian R Bruce,Fall 2007,2,(4),3-11,https://doi.org/10.3905/jot.2007.694824
Investing and Trading Consistency,Robert Kissell and Roberto Malamut,Fall 2007,2,(4),12-22,https://doi.org/10.3905/jot.2007.694825
Professional Trader Order-Selection and Prior Outcomes,Ryan Garvey and Fei Wu,Fall 2007,2,(4),23-33,https://doi.org/10.3905/jot.2007.694826
The Magic of Hindsight,Milan Borkovec and Hans G. Heidle,Fall 2007,2,(4),34-49,https://doi.org/10.3905/jot.2007.694827
The Trader Interaction Effect on the Impact of Overconfidence on Trading Performance,Philip Y.K. Cheng,Fall 2007,2,(4),50-63,https://doi.org/10.3905/jot.2007.694828
The Paradigm Shift in Equity Block Trading,Alfred R. Berkeley,Fall 2007,2,(4),64-68,https://doi.org/10.3905/jot.2007.694829
The New Landscape,"Michael Chlistalla,Peter Gomber and Sven S. Groth",Fall 2007,2,(4),69-79,https://doi.org/10.3905/jot.2007.694830
The Transaction Costs of Risk Management vs. Speculation in an Electronic Trading Environment,Lorne N. Switzer and Haibo Fan,Fall 2007,2,(4),82-101,https://doi.org/10.3905/jot.2007.694832
"Anonymity, Frontrunning and Market Integrity",Carole Comerton-Forde and Kar Mei Tang,Fall 2007,2,(4),101-118,https://doi.org/10.3905/jot.2007.694833
Editor's Letter,Brian R Bruce,Winter 2008,3,(1),8,https://doi.org/10.3905/jot.2008.700233
Execution Costs and Market Design Worldwide,Frederick H. deB. Harris,Winter 2008,3,(1),9-24,https://doi.org/10.3905/jot.2008.700222
Global Securities Exchange Landscape,Perrine Fiorina,Winter 2008,3,(1),25-28,https://doi.org/10.3905/jot.2008.700221
"Execution Quality at the New, Fast NYSE",Kwaku Abrokwah and George Sofianos,Winter 2008,3,(1),29-34,https://doi.org/10.3905/jot.2008.700225
Transaction Cost Analysis and Liquidity Discovery with Equity Options,Scott Larison,Winter 2008,3,(1),35-39,https://doi.org/10.3905/jot.2008.700223
Illuminating the New Dark Influence on Trading and U.S. Market Structure,Carl Carrie,Winter 2008,3,(1),40-55,https://doi.org/10.3905/jot.2008.700218
Divergent Expectations,"Paul L. Davis,Michael S. Pagano and Robert A. Schwartz",Winter 2008,3,(1),56-66,https://doi.org/10.3905/jot.2008.700220
Price Discovery in the U.S. Stock Options Market,Yusif E. Simaan and Liuren Wu,Winter 2008,3,(1),68-86,https://doi.org/10.3905/jot.2008.700224
Editor's Letter,Brian R Bruce,Summer 2008,3,(3),7-8,https://doi.org/10.3905/jot.2008.708839
The Incredible Story of Transaction Cost Management,Wayne H. Wagner,Summer 2008,3,(3),8-14,https://doi.org/10.3905/jot.2008.708831
The Limits of Liquidity,Marcus Hooper and Robert A. Schwartz,Summer 2008,3,(3),15-19,https://doi.org/10.3905/jot.2008.708832
Are You Playing in a Toxic Dark Pool?,Hitesh Mittal,Summer 2008,3,(3),20-33,https://doi.org/10.3905/jot.2008.708833
Managing Risks and Avoiding Pitfalls when Interacting with Non-Displayed Liquidity,Richard Johnson,Summer 2008,3,(3),34-38,https://doi.org/10.3905/jot.2008.708834
Calculating the VIX in Excel,Tom Arnold and John H. Earl,Summer 2008,3,(3),39-45,https://doi.org/10.3905/jot.2008.708835
The Naked Truth,Robert Brooks and Clay M. Moffett,Summer 2008,3,(3),46-59,https://doi.org/10.3905/jot.2008.708836
A Cross-Country Model for the Influence of the Pre-Trade Transparency on Market Liquidity and Price Volatility,"Caterina Lucarelli,Camilla Mazzoli and Giulio Palomba",Summer 2008,3,(3),60-75,https://doi.org/10.3905/jot.2008.708837
Integrating Liquidity Risk Factor into a Parametric Value at Risk Method,Mazin A.M. Al Janabi,Summer 2008,3,(3),76-87,https://doi.org/10.3905/jot.2008.708838
Editor's Letter,Brian R Bruce,Fall 2008,3,(4),1-2,https://doi.org/10.3905/jot.2008.3.4.1
Algorithmic Trading in Turbulent Markets,Robert Flatley,Fall 2008,3,(4),7-13,https://doi.org/10.3905/jot.2008.3.4.7
Market Conditions and Profitability of Proprietary Trading by Futures Floor Traders,Haiwei Chen,Fall 2008,3,(4),14-23,https://doi.org/10.3905/jot.2008.3.4.14
"Dual Traders in Fully Anonymous Stock Markets, Iceberg Orders, and Liqudity Provision",Dirk Schiereck and Christian Voigt,Fall 2008,3,(4),24-46,https://doi.org/10.3905/jot.2008.3.4.24
Demystifying the Relationship between Trading-Level and Portfolio-Level Tracking Error,Aran Murphy and Reid Hellekson,Fall 2008,3,(4),47-50,https://doi.org/10.3905/jot.2008.3.4.47
Are Trading Costs Invisible in Trading Decisions?,Ryan Garvey and Fei Wu,Fall 2008,3,(4),51-65,https://doi.org/10.3905/jot.2008.3.4.51
Simulation of Maker Loss in the Global Inter-Bank FX Market,Anatoly B. Schmidt,Fall 2008,3,(4),66-70,https://doi.org/10.3905/jot.2008.3.4.66
"History Doesn't Repeat Itself, It Rhymes",Justin Schack and Joseph Gawronski,Fall 2008,3,(4),71-81,https://doi.org/10.3905/jot.2008.3.4.71
Evaluating Algorithmic Performance,Marie S. Konstance,Fall 2008,3,(4),82-84,https://doi.org/10.3905/jot.2008.3.4.82
Quantifying the SIGMA X Crossing Benefit,George Sofianos and David Jeria,Fall 2008,3,(4),84-91,https://doi.org/10.3905/jot.2008.3.4.84
Editor's Letter,Brian R. Bruce,Winter 2009,4,(1),1,https://doi.org/10.3905/JOT.2009.4.1.001
Which Factors Influence Trading Costs in Global Equity Markets?,Michael S. Pagano,Winter 2009,4,(1),7-15,https://doi.org/10.3905/JOT.2009.4.1.007
Cul de Sacs and Highways: An Optical Tour of Dark Pool Trading Performance,"Ian Domowitz,Ilya FInkelshteyn and Henry Yegerman",Winter 2009,4,(1),16-22,https://doi.org/10.3905/JOT.2009.4.1.016
Simulation of a Limit Order Driven Market,Julian Lorenz and Jörg Osterrieder,Winter 2009,4,(1),23-30,https://doi.org/10.3905/JOT.2009.4.1.023
Using Minimum Volume in Dark Pools,Robert Burns,Winter 2009,4,(1),31-34,https://doi.org/10.3905/JOT.2009.4.1.031
Exchange Mergers and Electronic Trading,"Jack Clark Francis,Arie Harel and Giora Harpaz",Winter 2009,4,(1),35-43,https://doi.org/10.3905/JOT.2009.4.1.035
CLS and Bilateral Netting: Between a Rock and a Hard Place,Patrick Lefler,Winter 2009,4,(1),44-47,https://doi.org/10.3905/JOT.2009.4.1.044
Day-of-the-Month Effects in the Performance ofMomentum Trading Strategies in the ForeignExchange Market,"Richard D.F. Harris,Evarist Stoja and Fatih Yilmaz",Winter 2009,4,(1),48-55,https://doi.org/10.3905/JOT.2009.4.1.048
"Convergence of the U.S. Options and Equities Markets: Is the Party Over, or Just Getting Started?",Justin Schack and Joseph Gawronski,Winter 2009,4,(1),56-67,https://doi.org/10.3905/JOT.2009.4.1.056
"The Changing State of the NYSE Market: New Common Factors, Players, and Impulse Responses","Sugato Chakravarty,Frederick H. deB. Harris and Robert A Wood",Winter 2009,4,(1),68-94,https://doi.org/10.3905/JOT.2009.4.1.068
Editor's Letter,Brian R Bruce,Spring 2009,4,(2),1,https://doi.org/10.3905/jot.2009.4.2.001
2008: The Trading Year in Review,Robert Kissell and Peter Tannenbaum,Spring 2009,4,(2),10-23,https://doi.org/10.3905/jot.2009.4.2.010
The Impact of the Ban on Short-Selling,Robert Flatley,Spring 2009,4,(2),24-32,https://doi.org/10.3905/jot.2009.4.2.024
"When the Going Gets Tough, the Algos Get Going","Mark Gurliacci,David Jeria and George Sofianos",Spring 2009,4,(2),34-45,https://doi.org/10.3905/jot.2009.4.2.034
Markets at Risk,Robert A Schwartz,Spring 2009,4,(2),46-49,https://doi.org/10.3905/jot.2009.4.2.046
A proposal to stabilize stock prices: Ask the issuing corporations to join the party.,Robert A Schwartz,Spring 2009,4,(2),50-57,https://doi.org/10.3905/jot.2009.4.2.050
Corporate Culture's Role in the Trading Process,"Jeff Brown,Doug Crocker and Vidis Vaiciunas",Spring 2009,4,(2),58-62,https://doi.org/10.3905/jot.2009.4.2.058
Meeting the Cross-Asset Challenge,Vincent Burzynski,Spring 2009,4,(2),63-64,https://doi.org/10.3905/jot.2009.4.2.063
Optimal Index Reconstitution Strategies,Tony Foley,Spring 2009,4,(2),65-71,https://doi.org/10.3905/jot.2009.4.2.065
Capturing the Index Effect via Options,Srikant Dash and Berlinda Liu,Spring 2009,4,(2),72-78,https://doi.org/10.3905/jot.2009.4.2.072
Competition Between High and Low-Accuracy Trading Platforms,Erik Benrud,Spring 2009,4,(2),79-85,https://doi.org/10.3905/jot.2009.4.2.079
Are You Better Off Trading Blocks in Volatile Markets? Yes,Chris Sparrow,Spring 2009,4,(2),86-90,https://doi.org/10.3905/jot.2009.4.2.086
Editor’s Letter,Brian R Bruce,Summer 2009,4,(3),1,https://doi.org/10.3905/JOT.2009.4.3.001
Competition Between High- and Low-Accuracy Trading Platforms,Erik Benrud,Summer 2009,4,(3),10-16,https://doi.org/10.3905/JOT.2009.4.3.010
Measuring Accuracy of Trading Strategies,Irene Aldridge,Summer 2009,4,(3),17-25,https://doi.org/10.3905/JOT.2009.4.3.017
Regulation NMS: Have We Lost Sight of the Objective?,Greg Pratnicki,Summer 2009,4,(3),26-29,https://doi.org/10.3905/JOT.2009.4.3.026
Algorithmic Trading: A Primer,Max Palmer,Summer 2009,4,(3),30-35,https://doi.org/10.3905/JOT.2009.4.3.030
The OMS as an Algorithmic Trading Platform: Five Critical Business and Technical Considerations,Tim Decker,Summer 2009,4,(3),36-39,https://doi.org/10.3905/JOT.2009.4.3.036
Rigorous Strategic Trading: Balanced Portfolio and Mean-Reversion,Charles-Albert Lehalle,Summer 2009,4,(3),40-46,https://doi.org/10.3905/JOT.2009.4.3.040
Latency in Electronic Securities Trading: A Proposal for Systematic Measurement,Miroslav Budimir and Uwe Schweickert,Summer 2009,4,(3),47-55,https://doi.org/10.3905/JOT.2009.4.3.047
Applying Event Processing to Electronic Trading,Don DeLoach and Jeff Wootton,Summer 2009,4,(3),56-58,https://doi.org/10.3905/JOT.2009.4.3.056
Algorithm Switching: Co-Adaptation in the Market Ecology,Chris Stephens and Henri Waelbroeck,Summer 2009,4,(3),59-73,https://doi.org/10.3905/JOT.2009.4.3.059
Algorithmic Activity on Xetra,Markus Gsell,Summer 2009,4,(3),74-86,https://doi.org/10.3905/JOT.2009.4.3.074
TCA Benchmarks: One or Many?,Chris Sparrow,Summer 2009,4,(3),87-89,https://doi.org/10.3905/JOT.2009.4.3.087
Editor’s Letter,Brian R Bruce,Fall 2009,4,(4),1,https://doi.org/10.3905/JOT.2009.4.4.001
Order Handling of Institutional Investors,"Peter Gomber,Bartholomäus Ende and Markus Gsell",Fall 2009,4,(4),10-31,https://doi.org/10.3905/JOT.2009.4.4.010
Are You Better Off Trading Blocks in Volatile Markets? Yes,Chris Sparrow,Fall 2009,4,(4),33-36,https://doi.org/10.3905/JOT.2009.4.4.033
Distributional Properties and Deviations of Transaction Sizes in U.S. Equities,Champike Attanayake,Fall 2009,4,(4),37-40,https://doi.org/10.3905/JOT.2009.4.4.037
Changes in Price and Trading Volume: Bull vs. Bear Markets,"Ki C Han,Suk Hun Lee and David Y Suk",Fall 2009,4,(4),41-49,https://doi.org/10.3905/JOT.2009.4.4.041
Grading Broker Algorithms,Leslie Boni,Fall 2009,4,(4),50-61,https://doi.org/10.3905/JOT.2009.4.4.050
Simulation of Execution Costs in the Global Institutional Spot FX Market,Anatoly B Schmidt,Fall 2009,4,(4),62-68,https://doi.org/10.3905/JOT.2009.4.4.062
Measuring Bond Market Liquidity: Devising A Composite Aggregate Liquidity Score,Moorad Choudhry,Fall 2009,4,(4),69-89,https://doi.org/10.3905/JOT.2009.4.4.069
Editor’s Letter,Brian R Bruce,Winter 2010,5,(1),1,https://doi.org/10.3905/JOT.2010.5.1.001
The Value of Liquidity,Chris Sparrow and Denis Ilijanic,Winter 2010,5,(1),10-15,https://doi.org/10.3905/JOT.2010.5.1.010
Adverse Selection vs. Opportunistic Savings in Dark Aggregators,"Serhan Altunata,Dmitry Rakhlin and Henri Waelbroeck",Winter 2010,5,(1),16-28,https://doi.org/10.3905/JOT.2010.5.1.016
Bringing Intelligent Decision-Making to Order Routing,Dhiren Rawal,Winter 2010,5,(1),30-34,https://doi.org/10.3905/JOT.2010.5.1.030
Efficient Market Hypothesis in Modern Day Equity Secondary Markets: Are Dark Pools a Reflection or Refraction of Wider European Equity Market Structure?,Stuart Baden Powell,Winter 2010,5,(1),35-39,https://doi.org/10.3905/JOT.2010.5.1.035
Fairness in Trading: A Microeconomic Interpretation,Stephen Satchell and Bernd Scherer,Winter 2010,5,(1),40-47,https://doi.org/10.3905/JOT.2010.5.1.040
A Profit Model for Spread Trading with an Application to Energy Futures,"Takashi Kanamura,Svetlozar T Rachev and Frank J Fabozzi",Winter 2010,5,(1),48-62,https://doi.org/10.3905/JOT.2010.5.1.048
Toward “Best Settlement”: Thinking Beyond Execution,John Bird and Colby Payne,Winter 2010,5,(1),63-65,https://doi.org/10.3905/JOT.2010.5.1.063
"Transaction Costs, Trading Volume and Momentum Strategies","Xiafei Li,Chris Brooks and Joëlle Miffre",Winter 2010,5,(1),66-81,https://doi.org/10.3905/JOT.2010.5.1.066
Editor’s Letter,Brian R Bruce,Spring 2010,5,(2),1,https://doi.org/10.3905/JOT.2010.5.2.001
What Is a Quote?,Maureen O’Hara,Spring 2010,5,(2),10-16,https://doi.org/10.3905/JOT.2010.5.2.010
"Dark Pools, Fragmented Markets, and the Quality of Price Discovery",Robert A Schwartz,Spring 2010,5,(2),17-22,https://doi.org/10.3905/JOT.2010.5.2.017
Estimation of Performance and Execution Time Effect on High-Frequency Statistical Arbitrage Strategies,Ivilina Popova and Elmira Popova,Spring 2010,5,(2),23-30,https://doi.org/10.3905/JOT.2010.5.2.023
Algos Gone Wild: Risk in the World of Automated Trading Strategies,Bernard S. Donefer,Spring 2010,5,(2),31-34,https://doi.org/10.3905/JOT.2010.5.2.031
Loosening Your Collar: Alternative Implementations of QQQ Collars,Edward Szado and Thomas Schneeweis,Spring 2010,5,(2),35-56,https://doi.org/10.3905/JOT.2010.5.2.035
Building and Evaluating a Transaction Cost Model: A Primer,Milan Borkovec and Hans G Heidle,Spring 2010,5,(2),57-77,https://doi.org/10.3905/JOT.2010.5.2.057
The Cross Section of Trading Activity in the Over-the-Counter Market for Corporate Bonds,Melissa Woodley,Spring 2010,5,(2),78-91,https://doi.org/10.3905/JOT.2010.5.2.078
"Implicit Trading Costs, Divergence of Opinion, and Short-Selling Constraints in the Limit Book Order Market","Anh H Nguyen,Huu N Duong,Petko S Kalev and Natalie Y Oh",Spring 2010,5,(2),92-101,https://doi.org/10.3905/JOT.2010.5.2.092
The Effect of Political Party Combinations on Stock Returns,Ray R Sturm,Spring 2010,5,(2),102-109,https://doi.org/10.3905/JOT.2010.5.2.102
Editor’s Letter,Brian R. Bruce,Summer 2010,5,(3),2,https://doi.org/10.3905/jot.2010.5.3.002
Structural and Market Efficacy Implications of the Short-Sell Ban in Europe,Jose Marques and Mainak Sarkar,Summer 2010,5,(3),10-16,https://doi.org/10.3905/jot.2010.5.3.010
Alternative Trading Systems in Europe: Trading Performance by European Venues Post-MiFID,Yossi Brandes and Ian Domowitz,Summer 2010,5,(3),17-30,https://doi.org/10.3905/jot.2010.5.3.017
"High-Frequency Equity Pairs Trading: Transaction Costs, Speed of Execution, and Patterns in Returns","David Bowen,Mark C. Hutchinson and Niall O’Sullivan",Summer 2010,5,(3),31-38,https://doi.org/10.3905/jot.2010.5.3.031
Trading Model Uncertainty and Statistical Process Control,"John F.O. Bilson,Andrew Kumiega and Ben Van Vliet",Summer 2010,5,(3),39-50,https://doi.org/10.3905/jot.2010.5.3.039
Is Information Risk Really a Determinant of Security Returns? Evidence from TORQ,Malay K. Dey,Summer 2010,5,(3),51-58,https://doi.org/10.3905/jot.2010.5.3.051
Developments in Insider Trading: Lessons from Recent SEC Enforcement Failures and Successes,Ted Kamman and Rory Hood,Summer 2010,5,(3),59-67,https://doi.org/10.3905/jot.2010.5.3.059
Optimal Execution in the Global FX Market,Anatoly B. Schmidt,Summer 2010,5,(3),68-77,https://doi.org/10.3905/jot.2010.5.3.068
Effects of Proposed Regulations on Demand for Technology in Finance,Aleksey Maslov,Summer 2010,5,(3),78-81,https://doi.org/10.3905/jot.2010.5.3.078
Editor’s Letter,Brian R. Bruce,Fall 2010,5,(4),2,https://doi.org/10.3905/jot.2010.5.4.002
Ten Questions Every Institution Should Ask Their Dark Pool Providers,"Jay Bennett,John Colon,John Feng and Jennifer Litwin",Fall 2010,5,(4),10-13,https://doi.org/10.3905/jot.2010.5.4.010
Short Selling during Extreme Market Movements,"Benjamin M Blau,Bonnie F. Van Ness,Robert A. Van Ness and Robert A. Wood",Fall 2010,5,(4),14-27,https://doi.org/10.3905/jot.2010.5.4.014
Transaction Cost Analysis to Optimize Trading Strategies,Carla Gomes and Henri Waelbroeck,Fall 2010,5,(4),29-38,https://doi.org/10.3905/jot.2010.5.4.029
Collateral Management: Aligning FX Risks with the RightRisk Management,Aran Murphy and Joseph Hoffman,Fall 2010,5,(4),40-44,https://doi.org/10.3905/jot.2010.5.4.040
Best Execution: Defining Best Execution in an Increasingly Complex Trading Environment,Ryan Larson,Fall 2010,5,(4),46-49,https://doi.org/10.3905/jot.2010.5.4.046
Empirical Limitations on High-Frequency Trading Profitability,"Michael Kearns,Alex Kulesza and Yuriy Nevmyvaka",Fall 2010,5,(4),50-62,https://doi.org/10.3905/jot.2010.5.4.050
VIX Calculation Methodology: Mystifying or Mathematically Convoluted?,Bani Arora,Fall 2010,5,(4),63-64,https://doi.org/10.3905/jot.2010.5.4.063
When Should You Trade?,Ryan Garvey and Fei Wu,Fall 2010,5,(4),65-77,https://doi.org/10.3905/jot.2010.5.4.065
How Do Trading Costs Vary Across the Day? A Note on the Innovative XLM Measure for Small Caps at the FrankfurtStock Exchange,"Christiane Goodfellow,Dirk Schiereck and Tatjana Verrier",Fall 2010,5,(4),78-87,https://doi.org/10.3905/jot.2010.5.4.078
Innovative Option Combinations: Enhancing the Straddle,Andrew Laubie,Fall 2010,5,(4),88-97,https://doi.org/10.3905/jot.2010.5.4.088
Editor’s Letter,Brian R. Bruce,Winter 2011,6,(1),2,https://doi.org/10.3905/jot.2011.6.1.002
"U.S. Exchange Auction Trends: Recent Opening andClosing Auction Behavior, and the Implicationson Order Management Strategies",Robert Kissell and Hans Lie,Winter 2011,6,(1),10-30,https://doi.org/10.3905/jot.2011.6.1.010
Does Smart Routing Matter?,"Jeff Bacidore,Hernan Otero and Alak Vasa",Winter 2011,6,(1),32-37,https://doi.org/10.3905/jot.2011.6.1.032
Are Short Sellers Superior Traders?,Leslie Boni and Michael Rosen,Winter 2011,6,(1),38-45,https://doi.org/10.3905/jot.2011.6.1.038
Analysis of Binary Trading Patterns in Xetra,Kai-Oliver Maurer and Carsten Schäfer,Winter 2011,6,(1),46-60,https://doi.org/10.3905/jot.2011.6.1.046
An Autoregressive Market Model of Trader Herding and Communication,Suneal K. Chaudhary,Winter 2011,6,(1),62-73,https://doi.org/10.3905/jot.2011.6.1.062
Shedding Light on the Dark: OTC Equities Trading in Europe,"Peter Gomber,Marco Lutat,Axel Pierron and Moritz C. Weber",Winter 2011,6,(1),74-86,https://doi.org/10.3905/jot.2011.6.1.074
"High-Frequency Trading: Implications for Markets,Regulators, and Efficiency","Jayaram Muthuswamy,John Palmer,Nivine Richie and Robert Webb",Winter 2011,6,(1),87-97,https://doi.org/10.3905/jot.2011.6.1.087
Editor’s Letter,Brian R. Bruce,Spring 2011,6,(2),1,https://doi.org/10.3905/jot.2011.6.2.001
The Exchange of Flow Toxicity,"David Easley,Marcos M. López de Prado and Maureen O’Hara",Spring 2011,6,(2),8-13,https://doi.org/10.3905/jot.2011.6.2.008
"Alternative Trading Systems in Europe: TradingPerformance by European Venues Post-MiFID,2010 Update",Yossi Brandes and Ian Domowitz,Spring 2011,6,(2),14-21,https://doi.org/10.3905/jot.2011.6.2.014
A Look at the Use of VIX Futures in Investment Portfolios: Buy-and-Hold versus Tactical Allocations,Travis L. Jones,Spring 2011,6,(2),22-29,https://doi.org/10.3905/jot.2011.6.2.022
Optimal Allocation Across Dark Pools as a Probabilistic Decision Problem,Vacslav Glukhov,Spring 2011,6,(2),30-34,https://doi.org/10.3905/jot.2011.6.2.030
Informed Institutional Trading Around Merger andAcquisition Announcements,Guohua Li,Spring 2011,6,(2),35-49,https://doi.org/10.3905/jot.2011.6.2.035
Illuminating the Profitability of Pairs Trading: A Test ofthe Relative Pricing Efficiency of Markets for WaterUtility Stocks,Jose A. Gutierrez and Yiuman Tse,Spring 2011,6,(2),50-64,https://doi.org/10.3905/jot.2011.6.2.050
New Era in Canadian Trading,"Chris Sparrow,Vimal Patel and Brian Lee",Spring 2011,6,(2),65-83,https://doi.org/10.3905/jot.2011.6.2.065
Risk Model and the Model Risk: Probabilistic DecisionTheory Applied to One Often Overlooked Risk,Vacslav Glukhov,Spring 2011,6,(2),84-89,https://doi.org/10.3905/jot.2011.6.2.084
Editor’s Letter,Brian R. Bruce,Summer 2011,6,(3),1,https://doi.org/10.3905/jot.2011.6.3.001
Algorithmic Trading Usage Patterns and Their Costs,Ian Domowitz and Henry Yegerman,Summer 2011,6,(3),9-21,https://doi.org/10.3905/jot.2011.6.3.009
Evidence-Based Policy Making for Financial Markets: AFairness and Efficiency Framework for AssessingMarket Quality,Michael J. Aitken and Frederick H. deB. Harris,Summer 2011,6,(3),22-31,https://doi.org/10.3905/jot.2011.6.3.022
Is the Trading of Inverse ETFs a Bearish Signal?,Benjamin M. Blau and Tyler J. Brough,Summer 2011,6,(3),32-40,https://doi.org/10.3905/jot.2011.6.3.032
Rosenblatt’s Dark Liquidity Tracker: 2010 in Review,Justin Schack and Joe Gawronski,Summer 2011,6,(3),41-51,https://doi.org/10.3905/jot.2011.6.3.041
Mimicking Investment Strategies in Tender Offers: A Microstructure Approach,Igor Semenenko,Summer 2011,6,(3),52-60,https://doi.org/10.3905/jot.2011.6.3.052
End-of-Day Stock Trading Volume Prediction with aTwo-Component Hierarchical Model,"Shuhao Chen,Rong Chen,Gary Ardell and Biquan Lin",Summer 2011,6,(3),61-68,https://doi.org/10.3905/jot.2011.6.3.061
Evidence-Based Regulatory Policy Making for Financial Markets: A Panel Discussion of a Proposed Framework for Assessing Market Quality,"Frederick H. deB. Harris,Michael J. Aitken,Alfred R. Berkeley,James Overdahl and Kumar Venkataraman",Summer 2011,6,(3),69-89,https://doi.org/10.3905/jot.2011.6.3.069
Editor’s Letter,Brian R. Bruce,Fall 2011,6,(4),1,https://doi.org/10.3905/jot.2011.6.4.001
Creating Dynamic Pretrade Models: Beyond the Black Box,Robert Kissell,Fall 2011,6,(4),8-15,https://doi.org/10.3905/jot.2011.6.4.008
The New World of Transaction Cost Analysis,William Conlin,Fall 2011,6,(4),16-17,https://doi.org/10.3905/jot.2011.6.4.016
"Trading Patterns, Liquidity, and the Citigroup Split","Milan Borkovec,Ian Domowitz and Konstantin Tyurin",Fall 2011,6,(4),18-33,https://doi.org/10.3905/jot.2011.6.4.018
Do Informed Traders Prefer Automated Electronic Markets?,Timothy T. Perry,Fall 2011,6,(4),34-44,https://doi.org/10.3905/jot.2011.6.4.034
Design and Implementation of Schedule-Based TradingStrategies Based on Uncertainty Bands,"Vladimir Markov,Slava Mazur and David Saltz",Fall 2011,6,(4),45-52,https://doi.org/10.3905/jot.2011.6.4.045
An Algorithm for Portfolio Trades with Transaction Costs,Thomas A. Rhee,Fall 2011,6,(4),53-59,https://doi.org/10.3905/jot.2011.6.4.053
Execution Costs of Market Designs Worldwide duringthe Global Credit Crisis,P. Joakim Westerholm and Henry Leung,Fall 2011,6,(4),60-81,https://doi.org/10.3905/jot.2011.6.4.060
Editor’s Letter,Brian R. Bruce,Winter 2012,7,(1),1,https://doi.org/10.3905/jot.2012.7.1.001
Inside the Opening Auction,"Jeff Bacidore,Kathryn Berkow and James Wong",Winter 2012,7,(1),7-14,https://doi.org/10.3905/jot.2012.7.1.007
Market Structure Matters,Charles Polk and Evan Schulman,Winter 2012,7,(1),15-17,https://doi.org/10.3905/jot.2012.7.1.015
Adverse Selection in a High-Frequency Trading Environment,"Milos Agatonovic,Vimal Patel and Chris Sparrow",Winter 2012,7,(1),18-33,https://doi.org/10.3905/jot.2012.7.1.018
The Portfolio Role of High-Frequency Hedge Funds,John B. Abbink,Winter 2012,7,(1),34-42,https://doi.org/10.3905/jot.2012.7.1.034
Volatility ETFs and ETNs,Berlinda Liu and Srikant Dash,Winter 2012,7,(1),43-48,https://doi.org/10.3905/jot.2012.7.1.043
Equity Derivatives Standardization: A Critical Element in Curbing Systemic Risk,Nick Fry,Winter 2012,7,(1),49-53,https://doi.org/10.3905/jot.2012.7.1.049
U.S. Market Structure: Is This What We Asked For?,Ryan Larson,Winter 2012,7,(1),54-61,https://doi.org/10.3905/jot.2012.7.1.054
Latency Cost and Information: Does Speed Matter for All Market Participants?,Ryan Garvey,Winter 2012,7,(1),62-73,https://doi.org/10.3905/jot.2012.7.1.062
The Performance Characteristics of Minimum Variance Portfolios,"Mahesh Pritamani,Sean Smith and Aran Murphy",Winter 2012,7,(1),74-77,https://doi.org/10.3905/jot.2012.7.1.074
Editor’s Letter,Brian R. Bruce,Spring 2012,7,(2),1,https://doi.org/10.3905/jot.2012.7.2.001
Federal Market Information Technology in the Post–FlashCrash Era: Roles for Supercomputing,"E. Wes Bethel,David Leinweber,Oliver Rübel and Kesheng Wu",Spring 2012,7,(2),9-25,https://doi.org/10.3905/jot.2012.7.2.009
Electronic Markets and Trading Algorithms,Sunil Wahal,Spring 2012,7,(2),26-36,https://doi.org/10.3905/jot.2012.7.2.026
Price-Pattern Recognition Using a Local PolynomialRegression,Sheng-Yang Wang and Guoyi Zhang,Spring 2012,7,(2),37-43,https://doi.org/10.3905/jot.2012.7.2.037
The Failure of Continuous Markets,Chris Sparrow,Spring 2012,7,(2),44-47,https://doi.org/10.3905/jot.2012.7.2.044
Optimal Execution and Alpha Capture,Adriana M. Criscuolo and Henri Waelbroeck,Spring 2012,7,(2),48-56,https://doi.org/10.3905/jot.2012.7.2.048
Whole-Distribution Statistical Process Control in High-Frequency Trading,Ricky A. Cooper and Ben Van Vliet,Spring 2012,7,(2),57-68,https://doi.org/10.3905/jot.2012.7.2.057
Dark Pool DNA: Improving Dark Pool Assessment,Ben Polidore,Spring 2012,7,(2),69-74,https://doi.org/10.3905/jot.2012.7.2.069
Can High-Frequency Traders Game Futures?,Irene Aldridge,Spring 2012,7,(2),75-82,https://doi.org/10.3905/jot.2012.7.2.075
Intraday Effects around Directors’ Dealings: Disclosures inGermany and the United Kingdom,Kaspar Dardas,Spring 2012,7,(2),83-105,https://doi.org/10.3905/jot.2012.7.2.083
Editor’s Letter,Brian R. Bruce,Summer 2012,7,(3),1,https://doi.org/10.3905/jot.2012.7.3.001
Cluster Analysis for Evaluating Trading Strategies,"Jeff Bacidore,Kathryn Berkow,Ben Polidore and Nigam Saraiya",Summer 2012,7,(3),6-11,https://doi.org/10.3905/jot.2012.7.3.006
What Drives Option Prices?,Frédéric Abergel and Riadh Zaatour,Summer 2012,7,(3),12-28,https://doi.org/10.3905/jot.2012.7.3.012
On the Design of Sell-Side Limit and Market Order Tactics,Vladimir Markov,Summer 2012,7,(3),29-39,https://doi.org/10.3905/jot.2012.7.3.029
The Representativeness Heuristic and Asset Price Reaction to New Information,Guo Ying Luo,Summer 2012,7,(3),40-51,https://doi.org/10.3905/jot.2012.7.3.040
Return Dynamics and Trading Strategy in Alternative Trading Systems,"Jeffrey R. Black,Hong Miao and Sanjay Ramchander",Summer 2012,7,(3),52-65,https://doi.org/10.3905/jot.2012.7.3.052
Quantifying the Liquidity Premium in Emerging Market Trading,K. Vaidyanathan,Summer 2012,7,(3),66-75,https://doi.org/10.3905/jot.2012.7.3.066
Currency at the Speed of Light: Suitability of the Foreign Exchange Market for High-Frequency Trading,Myles E. Mangram,Summer 2012,7,(3),76-84,https://doi.org/10.3905/jot.2012.7.3.076
"Regulatory Trading Restrictions, Overvaluation,and Insider Selling",Rustin Yerkes,Summer 2012,7,(3),85-102,https://doi.org/10.3905/jot.2012.7.3.085
Editor’s Letter,Brian R. Bruce,Fall 2012,7,(4),1,https://doi.org/10.3905/jot.2012.7.4.001
European Market Quality Pre-/Post-MiFID: A Panel Discussion of Metrics for Market Integrity and Efficiency,Harris Frederick H. deB and Elisa Maree DiMarco,Fall 2012,7,(4),7-26,https://doi.org/10.3905/jot.2012.7.4.007
Intraday Volatility Models: Methods to Improve Real-Time Forecasts,Robert Kissell,Fall 2012,7,(4),27-34,https://doi.org/10.3905/jot.2012.7.4.027
Do Short Sellers Trade in Anticipation of Short Interest Announcements?,"Benjamin M. Blau,Bonnie F. Van Ness and Robert A. Van Ness",Fall 2012,7,(4),35-46,https://doi.org/10.3905/jot.2012.7.4.035
Trade Cost: Handicapping on PAR,Vlad Rashkovich and Arun Verma,Fall 2012,7,(4),47-54,https://doi.org/10.3905/jot.2012.7.4.047
Dynamic Density Estimation of Market Microstructure Variablesvia Auxiliary Particle Filtering,"Daniel Nehren,David Fellah,Jesus Ruiz-Mata and Yichen Qin",Fall 2012,7,(4),55-64,https://doi.org/10.3905/jot.2012.7.4.055
Evolution of Advanced Trading Technologies in India,Arin Ray,Fall 2012,7,(4),65-67,https://doi.org/10.3905/jot.2012.7.4.065
Time Lags in Processing Market-Sensitive Information:A Case Study,"Alessandro Innocenti,Pier Malpenga,Lorenzo Menconi and Alessandro Santoni",Fall 2012,7,(4),68-77,https://doi.org/10.3905/jot.2012.7.4.068
"Algorithmic, Electronic, and Automated Trading",Ayub Hanif and Robert Elliott Smith,Fall 2012,7,(4),78-86,https://doi.org/10.3905/jot.2012.7.4.078
Editor’s Letter,Brian R. Bruce,Winter 2013,8,(1),1,https://doi.org/10.3905/jot.2012.8.1.001
Boosting the Liquidity of the Market Engine: Horsepowerversus Torque,Robert A. Jaeger,Winter 2013,8,(1),6-7,https://doi.org/10.3905/jot.2012.8.1.006
Boosting Carry in a Negative Rate World,Pavan Wadhwa and Kedran Panageas,Winter 2013,8,(1),9-14,https://doi.org/10.3905/jot.2012.8.1.009
Rules-Based Integration of News-Trading Algorithms,Stephane Gagnon,Winter 2013,8,(1),15-27,https://doi.org/10.3905/jot.2012.8.1.015
Trader Alpha Frontier: A Framework for Portfolio Managersand Traders to Maximize Portfolio Performance,Vlad Rashkovich,Winter 2013,8,(1),28-37,https://doi.org/10.3905/jot.2012.8.1.028
Credit-Rating Changes and Institutional Trading,Pankaj K. Jain and Qin Wang,Winter 2013,8,(1),38-47,https://doi.org/10.3905/jot.2012.8.1.038
Trading around the Close,"Jeff Bacidore,Ben Polidore,Wenjie Xu and Cindy Y. Yang",Winter 2013,8,(1),48-57,https://doi.org/10.3905/jot.2012.8.1.048
"The Good, the Bad, and the Ugly of AutomatedHigh-Frequency Trading",Tommi A. Vuorenmaa,Winter 2013,8,(1),58-74,https://doi.org/10.3905/jot.2012.8.1.058
Multi-Asset Class Investing and Trading: “A ContinuingWork in Progress”,Ravi Manchi and James Leman,Winter 2013,8,(1),75-82,https://doi.org/10.3905/jot.2012.8.1.075
Editor’s Letter,Brian R. Bruce,Spring 2013,8,(2),1,https://doi.org/10.3905/jot.2013.8.2.001
Effect of Being a Fallen Angel on Bond Ratings and Yields,Kelly Cai,Spring 2013,8,(2),7-13,https://doi.org/10.3905/jot.2013.8.2.007
The Impact of Political Uncertainty and Abnormal Market Conditions on Institutional Trading Behavior,Emre Kuvvet,Spring 2013,8,(2),15-22,https://doi.org/10.3905/jot.2013.8.2.015
Four Things to Consider to Trade Smarter in Asia,Louis Lovas,Spring 2013,8,(2),23-27,https://doi.org/10.3905/jot.2013.8.2.023
Classifying Technical Indicators Using K-Medoid Clustering,Eng Talal Alsulaiman,Spring 2013,8,(2),29-39,https://doi.org/10.3905/jot.2013.8.2.029
Palm Oil: Unlocking the Opportunity,Anup Singh,Spring 2013,8,(2),40-43,https://doi.org/10.3905/jot.2013.8.2.040
Investment and Trade Execution in Emerging Markets: Prospects and Challenges,"Bharat Kumar,N. Kannan and Lalatendu Khandagiri",Spring 2013,8,(2),45-56,https://doi.org/10.3905/jot.2013.8.2.045
Liquidity Provision in a Limit-Order Market: The Case of the Tunisian Stock Exchange,Rouetbi Emna and Mamoghli Chokri,Spring 2013,8,(2),57-73,https://doi.org/10.3905/jot.2013.8.2.057
Brazilian Auctions: A Primer,Namit Setia,Spring 2013,8,(2),74-78,https://doi.org/10.3905/jot.2013.8.2.074
Editor’s Letter,Brian R. Bruce,Summer 2013,8,(3),1,https://doi.org/10.3905/jot.2013.8.3.001
Do Opening Stock Prices ContainInformation Content?,Harlan Platt and Licheng Cai,Summer 2013,8,(3),8-14,https://doi.org/10.3905/jot.2013.8.3.008
Block-Crossing Networks and The Value ofNatural Liquidity,Vladimir Markov and Tito Ingargiola,Summer 2013,8,(3),16-39,https://doi.org/10.3905/jot.2013.8.3.016
A Practical Real Options Approach to ValuingHigh-Frequency Trading System R&D Projects,Andrew Kumiega and Ben Van Vliet,Summer 2013,8,(3),40-48,https://doi.org/10.3905/jot.2013.8.3.040
The Rise and Fall of the New JerseyStock Exchange,Ethan Namvar,Summer 2013,8,(3),49-56,https://doi.org/10.3905/jot.2013.8.3.049
A Daily Trading Strategy in theETN Space,"Lovjit Thukral,Dean Diavatopoulos,Hélyette Geman and Colby Wright",Summer 2013,8,(3),57-67,https://doi.org/10.3905/jot.2013.8.3.057
Prediction of Hidden Liquidity in theLimit Order Book of GLOBEX Futures,Hugh L. Christensen and Robert Woodmansey,Summer 2013,8,(3),68-95,https://doi.org/10.3905/jot.2013.8.3.068
"When Bonds Fall, Fed Action Determinesthe Collateral Effects",Jay Feuerstein and Jeffrey Bolduc,Summer 2013,8,(3),96-101,https://doi.org/10.3905/jot.2013.8.3.096
The Rationale for AT 9000: An ISO9000-Style Quality Management System Standardfor Automated and Algorithmic Trading,"Ben Van Vliet,Ricky Cooper,Andrew Kumiega and Jim Northey",Summer 2013,8,(3),102-106,https://doi.org/10.3905/jot.2013.8.3.102
Editor’s Letter,Brian R. Bruce,Fall 2013,8,(4),1,https://doi.org/10.3905/jot.2013.8.4.001
Optimal Trading Algorithm Selection and Utilization: Traders’ Consensus versus Reality,Jingle Liu and Kapil Phadnis,Fall 2013,8,(4),9-19,https://doi.org/10.3905/jot.2013.8.4.009
Ranking the Performance of U.S. Dark Venues,Brad Johmann and Shi L. Li,Fall 2013,8,(4),20-25,https://doi.org/10.3905/jot.2013.8.4.020
A Primer on Trading SIFMA Swaps,"Pavan Wadhwa,Peter DeGroot,Srini Ramaswamy,Alberto Iglesias and Joshua D. Younger",Fall 2013,8,(4),26-36,https://doi.org/10.3905/jot.2013.8.4.026
Balancing Execution Risk and Trading Cost in Portfolio Trading Algorithms,"Jeff Bacidore,Di Wu and Wenjie Xu",Fall 2013,8,(4),37-43,https://doi.org/10.3905/jot.2013.8.4.037
Assessing Stop-Loss and Re-Entry Strategies,Joachim Klement,Fall 2013,8,(4),44-53,https://doi.org/10.3905/jot.2013.8.4.044
The Effect of Brokers on the Dynamics of a Walrasian Auction,"Philippe Gregoire,James Eaves,Michel Gendron and Manel Kammoun",Fall 2013,8,(4),54-64,https://doi.org/10.3905/jot.2013.8.4.054
Trading in an Asset-Converged World,Steve Grob,Fall 2013,8,(4),66-68,https://doi.org/10.3905/jot.2013.8.4.066
Multi-Asset Trading Costs,Robert Kissell,Fall 2013,8,(4),69-80,https://doi.org/10.3905/jot.2013.8.4.069
Does Trading in a Competitive Framework across Multiple Venues in Fixed-Income Markets Add Value?,"Jason Lenzo,William Skimming,Ashley Grissom and Brandon Rasmussen",Fall 2013,8,(4),81-86,https://doi.org/10.3905/jot.2013.8.4.081
Editor’s Letter,Brian R. Bruce,Winter 2014,9,(1),1,https://doi.org/10.3905/jot.2013.9.1.001
Market Evolution: 1996–2012,Anne Anderson and Edward A. Dyl,Winter 2014,9,(1),7-21,https://doi.org/10.3905/jot.2013.9.1.007
What Makes an Exchange a Unique Institution?,Robert A. Schwartz and John Aidan Byrne,Winter 2014,9,(1),22-33,https://doi.org/10.3905/jot.2013.9.1.022
Stock Market Returns and Liquidity: Dynamic Relationshipsand Causality,Vichet Sum,Winter 2014,9,(1),34-40,https://doi.org/10.3905/jot.2013.9.1.034
An Empirical Analysis of Option Directional Trading and Stock Depth Asymmetry,Qin Wang,Winter 2014,9,(1),41-47,https://doi.org/10.3905/jot.2013.9.1.041
Editorial Board Commentary,Brian R. Bruce,Winter 2014,9,(1),49-53,https://doi.org/10.3905/jot.2013.9.1.049
Big Data’s Impact on Trading and Technology,Marcus Kwan,Winter 2014,9,(1),54-56,https://doi.org/10.3905/jot.2013.9.1.054
Smart Technology for Big Data,Michael Blake,Winter 2014,9,(1),57-66,https://doi.org/10.3905/jot.2013.9.1.057
Big Data/Big Compute Technologies and the Realm of Possibilities: The Emergence of Real-Time Risk Enterprises in the Capital Markets Industry,Mayiz Habbal,Winter 2014,9,(1),67-70,https://doi.org/10.3905/jot.2013.9.1.067
Real-Time TCA Visualization: The Next Frontier in Trading Analytics,Serdar Armutcu,Winter 2014,9,(1),71-77,https://doi.org/10.3905/jot.2013.9.1.071
Optimizing Fund Performance in the New Financial Market Ecosystem,Henri Waelbroeck,Winter 2014,9,(1),78-86,https://doi.org/10.3905/jot.2013.9.1.078
Editor’s Letter,Brian R. Bruce,Spring 2014,9,(2),1,https://doi.org/10.3905/jot.2014.9.2.001
Measuring Market Timing: An InternationalExamination of Market Timing Conditions,William F. Johnson and Scott W. Barnhart,Spring 2014,9,(2),6-20,https://doi.org/10.3905/jot.2014.9.2.006
Equity Trading Activity and CreditSpread Shock,Vichet Sum,Spring 2014,9,(2),21-26,https://doi.org/10.3905/jot.2014.9.2.021
Behavioral Pattern of Emerging Asia CurrencyOption Risk Reversals: An Indicatorfor Foreign Exchange Hedging,Suresh Ramanathan and Kian Teng,Spring 2014,9,(2),27-38,https://doi.org/10.3905/jot.2014.9.2.027
The Cost of the D-Quote,"Jeff Bacidore,Ben Polidore and Wenjie Xu",Spring 2014,9,(2),39-42,https://doi.org/10.3905/jot.2014.9.2.039
Optimal Execution Size in Pro-RataMarkets,Irene Aldridge,Spring 2014,9,(2),43-50,https://doi.org/10.3905/jot.2014.9.2.043
Market ability Filters in Spread ExecutionTrading Algorithms,"Iaryna Grynkiv,Lada Kyj and Tim Garrett",Spring 2014,9,(2),51-58,https://doi.org/10.3905/jot.2014.9.2.051
"Big Data, Big Decisions: The ComingChange in Technology Investments",David L. Meitz,Spring 2014,9,(2),60-63,https://doi.org/10.3905/jot.2014.9.2.060
Attention: A Better Way to MeasureSEO Marketing Impact,"Xing Lu,Hunter M. Holzhauer and Jun Wang",Spring 2014,9,(2),64-75,https://doi.org/10.3905/jot.2014.9.2.064
The Data Management Invasion,Louis Lovas,Spring 2014,9,(2),76-79,https://doi.org/10.3905/jot.2014.9.2.076
Editor’s Letter,Brian R. Bruce,Summer 2014,9,(3),1,https://doi.org/10.3905/jot.2014.9.3.001
What Makes an Exchange a Unique Institution?A Commentary,Ian Domowitz,Summer 2014,9,(3),8-11,https://doi.org/10.3905/jot.2014.9.3.008
What Makes an Exchange a Unique Institution?A Response to Ian Domowitz,"Robert A. Schwartz,John Aidan Byrne and Andrew M. Brooks",Summer 2014,9,(3),12-14,https://doi.org/10.3905/jot.2014.9.3.012
Predicting Intraday Trading Volumeand Volume Percentages,"Venkatesh Satish,Abhay Saxena and Max Palmer",Summer 2014,9,(3),15-25,https://doi.org/10.3905/jot.2014.9.3.015
Constant Impact Strategy,Vladimir Markov,Summer 2014,9,(3),26-33,https://doi.org/10.3905/jot.2014.9.3.026
Intermittency in Stock Market Dynamics,"A. Ozun,Y.F. Contoyiannis,F.K. Diakonos,M. Hanias and L. Magafas",Summer 2014,9,(3),34-41,https://doi.org/10.3905/jot.2014.9.3.034
Dynamic Multi-Factor Bid–Offer Adjustment Model:A Feedback Mechanism for Dealers (Market Makers)to Deal (Grapple) with the Uncertainty Principle of the Social Sciences,Ravi Kashyap,Summer 2014,9,(3),42-55,https://doi.org/10.3905/jot.2014.9.3.042
A Practical Approach to Liquidity Calculation,"Oleh Danyliv,Bruce Bland and Daniel Nicholass",Summer 2014,9,(3),57-65,https://doi.org/10.3905/jot.2014.9.3.057
Challenges for the European ETF Market,Michael John Lytle,Summer 2014,9,(3),66-67,https://doi.org/10.3905/jot.2014.9.3.066
"An Intertemporal Study of ETF Liquidityand Underlying Factor Transition, 2009–2014","Pankaj Agrrawal,John M. Clark,Rajat Agarwal and Jivendra K. Kale",Summer 2014,9,(3),69-78,https://doi.org/10.3905/jot.2014.9.3.069
Measuring the Liquidity of ETFs:An Application to the European Market,Thierry Roncalli and Ban Zheng,Summer 2014,9,(3),79-108,https://doi.org/10.3905/jot.2014.9.3.079
Seeking Optimal ETF Executionin Electronic Markets,"Kiran Pingali,Jingle Liu,Sanghyun Park and Michael Baradas",Summer 2014,9,(3),109-119,https://doi.org/10.3905/jot.2014.9.3.109
Editor’s Letter,Brian R. Bruce,Fall 2014,9,(4),1,https://doi.org/10.3905/jot.2014.9.4.001
Fragmentation and Price Discovery: A Comparison of Reg NMS and MiFID1,"Frederick H. deB. Harris,Thomas H. McInish,Frank J. Sensenbrenner and Robert A. Wood",Fall 2014,9,(4),6-36,https://doi.org/10.3905/jot.2014.9.4.006
Does High-Speed Trading Enhance Market Efficiency? Empirical Analysison “Arrowhead” of the Tokyo Stock Exchange,Shinichi Nagata and Koji Inui,Fall 2014,9,(4),37-47,https://doi.org/10.3905/jot.2014.9.4.037
Understanding the Stakes of High-Frequency Trading,"Frédéric Abergel,Charles-Albert Lehalle and Mathieu Rosenbaum",Fall 2014,9,(4),49-73,https://doi.org/10.3905/jot.2014.9.4.049
Both Calamity and Catalyst: Reflections on This Centennial Momentin Financial Services,Chip Register,Fall 2014,9,(4),75-81,https://doi.org/10.3905/jot.2014.9.4.075
Effect of Volatility Fluctuations on Optimal Execution Schedules,Adriana M. Criscuolo and Henri Waelbroeck,Fall 2014,9,(4),82-90,https://doi.org/10.3905/jot.2014.9.4.082
Ex Post Price Impact Modeling: Challenges and Opportunities,"Denizhan Alparslan,Milan Borkovec and Konstantin Tyurin",Fall 2014,9,(4),91-99,https://doi.org/10.3905/jot.2014.9.4.091
On the Efficacy of Stop-Loss Strategies,Sarah Marietta Tooth,Fall 2014,9,(4),100-107,https://doi.org/10.3905/jot.2014.9.4.100
Editor’s Letter,Brian Bruce,Winter 2015,10,(1),1,https://doi.org/10.3905/jot.2014.10.1.001
The Cost of Liquidity in the FX Market,"Milan Borkovec,James Cochrane,Ian Domowitz and Christopher Escobar",Winter 2015,10,(1),6-19,https://doi.org/10.3905/jot.2014.10.1.006
Trading Strategies Around Earnings Announcements,Padma Kadiyala,Winter 2015,10,(1),21-36,https://doi.org/10.3905/jot.2014.10.1.021
Evaluation of Systematic Trading Programs,Mikhail Munenzon,Winter 2015,10,(1),37-55,https://doi.org/10.3905/jot.2014.10.1.037
On the Trading Behavior of Emerging Market ETFs,Gerasimos G. Rompotis,Winter 2015,10,(1),56-86,https://doi.org/10.3905/jot.2014.10.1.056
A Framework for Stop-Loss Analysis on Trading Strategies,Oliver Chan and Alfred Ka Chun Ma,Winter 2015,10,(1),87-95,https://doi.org/10.3905/jot.2014.10.1.087
Does Broker Competition in Liquidity Supply Matter?,"Kristoffer Kevin Avila,Joel Fabre and Elvis Jarnecic",Winter 2015,10,(1),96-115,https://doi.org/10.3905/jot.2014.10.1.096
Editor’s Letter,Brian Bruce,Spring 2015,10,(2),1,https://doi.org/10.3905/jot.2015.10.2.001
A Comparative Analysis on the Volume-Return Relationship of the Exchange-Traded Fund and the Stock Market,Jung-Chu Lin and Vichet Sum,Spring 2015,10,(2),5-22,https://doi.org/10.3905/jot.2015.10.2.005
The State of Play in European Over-the-Counter Equities Trading,"Peter Gomber,Satchit Sagade,Erik Theissen,Moritz Christian Weber and Christian Westheide",Spring 2015,10,(2),23-32,https://doi.org/10.3905/jot.2015.10.2.023
Expected Return in High-Frequency Trading,Rick Cooper and Ben Van Vliet,Spring 2015,10,(2),34-40,https://doi.org/10.3905/jot.2015.10.2.034
The Effects of Algorithmic Trading on Security Market Quality,Frederick H. deB. Harris,Spring 2015,10,(2),41-53,https://doi.org/10.3905/jot.2015.10.2.041
First Steps in Developing High-Frequency Trading Models,Bruce Vanstone and Tobias Hahn,Spring 2015,10,(2),54-71,https://doi.org/10.3905/jot.2015.10.2.054
Effects of High-Frequency Trading in the Multidealer Spot Foreign Exchange,Anatoly Schmidt,Spring 2015,10,(2),72-78,https://doi.org/10.3905/jot.2015.10.2.072
Should More Be Done to Address High-Frequency Trading?,Jason M. Valdez,Spring 2015,10,(2),79-80,https://doi.org/10.3905/jot.2015.10.2.079
Recommendations for Equitable Allocation of Trades in High-Frequency Trading Environments,John McPartland,Spring 2015,10,(2),81-100,https://doi.org/10.3905/jot.2015.10.2.081
"Two Years after “The Good, the Bad, and the Ugly” of Automated High-Frequency Trading",Tommi A. Vuorenmaa,Spring 2015,10,(2),101-102,https://doi.org/10.3905/jot.2015.10.2.101
What Is Wrong with Canada’s Capital Markets?,Jos Schmitt,Spring 2015,10,(2),103-107,https://doi.org/10.3905/jot.2015.10.2.103
Editor’s Letter,Brian R. Bruce,Summer 2015,10,(3),1,https://doi.org/10.3905/jot.2015.10.3.001
The Market Impact of Passive Trading,Michael Aked and Max Moroz,Summer 2015,10,(3),5-12,https://doi.org/10.3905/jot.2015.10.3.005
Behind Stock Price Movement: Supply and Demand in Market Microstructure and Market Influence,Jingle Liu and Sanghyun Park,Summer 2015,10,(3),13-23,https://doi.org/10.3905/jot.2015.10.3.013
Understanding ETFs: Trading and Valuation,David Abner,Summer 2015,10,(3),24-30,https://doi.org/10.3905/jot.2015.10.3.024
Impact of Macroeconomic Announcements on ETF Trading Volumes,Daniel Nadler and Anatoly (Alec) Schmidt,Summer 2015,10,(3),31-35,https://doi.org/10.3905/jot.2015.10.3.031
Dancing in the Dark: Optimal Liquidity Search under Portfolio Constraints,"Benjamin H. Polidore,Wenjie Xu,Julien Alexandre and Zhicheng Wei",Summer 2015,10,(3),36-43,https://doi.org/10.3905/jot.2015.10.3.036
Option Bid–Ask Spread and Liquidity,Mo Chaudhury,Summer 2015,10,(3),44-56,https://doi.org/10.3905/jot.2015.10.3.044
Optimal Measure and Drivers of U.S. Treasury Market (Il)Liquidity: Will Low Liquidity Be the New Normal?,Devdeep Sarkar and Joshua Younger,Summer 2015,10,(3),57-64,https://doi.org/10.3905/jot.2015.10.3.057
Corporate Fraud and Liquidity,Emre Kuvvet,Summer 2015,10,(3),65-71,https://doi.org/10.3905/jot.2015.10.3.065
Editor’s Letter,Brian R. Bruce,Fall 2015,10,(4),1,https://doi.org/10.3905/jot.2015.10.4.001
Performance Measurements for Machine-Learning Trading Systems,Dror Parnes,Fall 2015,10,(4),5-16,https://doi.org/10.3905/jot.2015.10.4.005
Predictable ETF Order Flows and Market Quality,Hendrik Bessembinder,Fall 2015,10,(4),17-23,https://doi.org/10.3905/jot.2015.10.4.017
Top 50 Australian Stocks’ Exchange Dark Pool Participation Rate,David Stocken and Andrew McCauley,Fall 2015,10,(4),24-27,https://doi.org/10.3905/jot.2015.10.4.024
"Garbage In, Garbage Out: An Optical Tour of the Role of Strategy in Venue Analysis","Ian Domowitz,Kristi Reitnauer and Colleen Ruane",Fall 2015,10,(4),29-39,https://doi.org/10.3905/jot.2015.10.4.029
Competition and Innovation in Option-Market Models,"Asli Ascioglu,Richard Holowczak,David Louton and Hakan Saraoglu",Fall 2015,10,(4),40-50,https://doi.org/10.3905/jot.2015.10.4.040
A Tale of Two Consequences,Ravi Kashyap,Fall 2015,10,(4),51-95,https://doi.org/10.3905/jot.2015.10.4.051
Editor’s Letter,Brian R. Bruce,Winter 2016,11,(1),1,https://doi.org/10.3905/jot.2016.11.1.001
Why Basel II Market Risk VaR is Too Conservative,Mo Chaudhury,Winter 2016,11,(1),6-12,https://doi.org/10.3905/jot.2016.11.1.006
Is Volatility Your Nemesis or Best Friend? It Depends on Who You Ask,Milan Borkovec and Konstantin Tyurin,Winter 2016,11,(1),13-25,https://doi.org/10.3905/jot.2016.11.1.013
A Look Inside the Shifting Volume Smile for U.S. Equities,Iaryna Grynkiv and Kimberly Russell,Winter 2016,11,(1),26-37,https://doi.org/10.3905/jot.2016.11.1.026
Analysis of Execution Methods in U.S. and European Futures,Aistis Raudys and Skirmantė Matkėnaitė,Winter 2016,11,(1),38-52,https://doi.org/10.3905/jot.2016.11.1.038
Profit Opportunities in the U.S. Treasury Market When the Market Is Under Stress,Onem Ozocak,Winter 2016,11,(1),53-67,https://doi.org/10.3905/jot.2016.11.1.053
Impact of Trading in the Multi-Dealer Spot Foreign Exchange,Anatoly B. Schmidt,Winter 2016,11,(1),68-75,https://doi.org/10.3905/jot.2016.11.1.068
The Ultimate Best Execution Conflict of Interest? A Speed Bump Designed to Enable Predatory High-Frequency Trading,Jos Schmitt,Winter 2016,11,(1),76-80,https://doi.org/10.3905/jot.2016.11.1.076
The Market for Small-Cap Stocks (NYSE MKT),"Xin Che,Bonnie F. Van Ness and Robert A. Van Ness",Winter 2016,11,(1),81-95,https://doi.org/10.3905/jot.2016.11.1.081
Editor’s Letter,Brian R. Bruce,Spring 2016,11,(2),1,https://doi.org/10.3905/jot.2016.11.2.001
Using Fundamental Earnings Factors to Forecast Equity Market Volatility,Haim A. Mozes and John Launny Steffens,Spring 2016,11,(2),5-10,https://doi.org/10.3905/jot.2016.11.2.005
An Application of Transaction Cost in the Portfolio Optimization Process,Grace Chung and Robert Kissell,Spring 2016,11,(2),11-20,https://doi.org/10.3905/jot.2016.11.2.011
Liquidity—How to Capture a Multidimensional Beast,Philip Sommer and Stefano Pasquali,Spring 2016,11,(2),21-39,https://doi.org/10.3905/jot.2016.11.2.021
A Better Way to Trade Small Caps: The Power of Volume Volatility in Algorithm Design,"Benjamin Polidore,lin jiang and Yichu Li",Spring 2016,11,(2),41-48,https://doi.org/10.3905/jot.2016.11.2.041
Momentum Strategies: Comparison of Programming Language Performance,"Francesco Ceccon,Lovjit Thukral and Pedro Vergel Eleuterio",Spring 2016,11,(2),49-53,https://doi.org/10.3905/jot.2016.11.2.049
The Impact of High-Frequency Trading on Market Volatility,Gianluca Virgilio,Spring 2016,11,(2),55-63,https://doi.org/10.3905/jot.2016.11.2.055
A New Approach to Stock Market Execution,Rebecca Lewis and John McPartland,Spring 2016,11,(2),65-70,https://doi.org/10.3905/jot.2016.11.2.065
"Beyond the Flash Crash:Systemic Risk, Reliability, and High Frequency Financial Markets","Andrew Kumiega,Greg Sterijevski and Ben Van Vliet",Spring 2016,11,(2),71-83,https://doi.org/10.3905/jot.2016.11.2.071
Editor’s Letter,Brian R. Bruce,Summer 2016,11,(3),1,https://doi.org/10.3905/jot.2016.11.3.001
Phantom Liquidity and High-Frequency Quoting,"Jesse Blocher,Rick Cooper,Jonathan Seddon and Ben Van Vliet",Summer 2016,11,(3),6-15,https://doi.org/10.3905/jot.2016.11.3.006
Slow Price Adjustment to Public News in After-Hours Trading,Jiasun Li,Summer 2016,11,(3),16-31,https://doi.org/10.3905/jot.2016.11.3.016
Toward Greater Transparency and Efficiency inTrading Fixed-Income ETF Portfolios,"Ananth Madhavan,Stephen Laipply and Aleksander Sobczyk",Summer 2016,11,(3),32-40,https://doi.org/10.3905/jot.2016.11.3.032
Pairs Trading with Copulas,"Wenjun Xie,Rong Qi Liew,Yuan Wu and Xi Zou",Summer 2016,11,(3),41-52,https://doi.org/10.3905/jot.2016.11.3.041
Timing Equity Quant Positions with Short-Horizon Alphas,Vinesh Jha,Summer 2016,11,(3),53-59,https://doi.org/10.3905/jot.2016.11.3.053
Pre-Event Trading Based on Value Line’s Weekly Rank-Change Announcements,"Ying Zhang,Hongfei Tang,Wikrom Prombutr and Steven V. Le",Summer 2016,11,(3),61-79,https://doi.org/10.3905/jot.2016.11.3.061
Hong Kong–Shanghai Connect/Hong Kong–Beijing Disconnect? Scaling the Great Wall of Chinese Securities Trading Costs,Ravi Kashyap,Summer 2016,11,(3),81-134,https://doi.org/10.3905/jot.2016.11.3.081
Editor’s Letter,Brian R. Bruce,Fall 2016,11,(4),1,https://doi.org/10.3905/jot.2016.11.4.001
Noise and How to Reduce It in Transition Management Pre-Trade Comparisons,Ramon Tol,Fall 2016,11,(4),6-13,https://doi.org/10.3905/jot.2016.11.4.006
Correlation Trading Strategies: Opportunities and Limitations,Gunter Meissner,Fall 2016,11,(4),14-32,https://doi.org/10.3905/jot.2016.11.4.014
The Effects of the Chinese Stock Crisis on the U.S.Exchange-Traded Funds Market,Gerasimos G. Rompotis,Fall 2016,11,(4),33-55,https://doi.org/10.3905/jot.2016.11.4.033
The Effect of High-Frequency Market Making on Option Market Liquidity,"Suchi Mishra,Robert T. Daigler and Richard Holowczak",Fall 2016,11,(4),56-76,https://doi.org/10.3905/jot.2016.11.4.056
To Cross or Not to Cross the Spread: That Is the Question,"Paul Besson,Stéphanie Pelin and Matthieu Lasnier",Fall 2016,11,(4),77-91,https://doi.org/10.3905/jot.2016.11.4.077
Editor’s Letter,Brian R. Bruce,Winter 2017,12,(1),1,https://doi.org/10.3905/jot.2017.12.1.001
Implementation Shortfall in Transaction Cost Analysis: A Further Extension,"Mohammad Sogir Hossain Khandoker,Rafiqul Bhuyan and Ranjit Singh",Winter 2017,12,(1),5-21,https://doi.org/10.3905/jot.2017.12.1.005
London Stock Exchange Midday Auction,Mainak Sarkar,Winter 2017,12,(1),22-34,https://doi.org/10.3905/jot.2017.12.1.022
Unrecognized Odd Lot Liquidity Supply: A Hidden Trading Cost for High Priced Stocks,"Robert Battalio,Shane A. Corwin and Robert Jennings",Winter 2017,12,(1),35-41,https://doi.org/10.3905/jot.2017.12.1.035
Ensuring Market Integrity and Stability: Circuit Breakers on International Trading Venues,"Peter Gomber,Benjamin Clapham,Martin Haferkorn,Sven Panz and Paul Jentsch",Winter 2017,12,(1),42-54,https://doi.org/10.3905/jot.2017.12.1.042
Determinants of Price Discovery: Dark Trading and Price Improvement,Drew Harris and Frederick H. de B. Harris,Winter 2017,12,(1),55-72,https://doi.org/10.3905/jot.2017.12.1.055
Approaching Venue Analysis,Marie Konstance,Winter 2017,12,(1),73-75,https://doi.org/10.3905/jot.2017.12.1.073
Transaction Cost Analysis with Excel and MATLAB,Robert Kissell and Nina (Ning) Zhang,Winter 2017,12,(1),76-87,https://doi.org/10.3905/jot.2017.12.1.076
Editor’s Letter,Brian R. Bruce,Spring 2017,12,(2),1,https://doi.org/10.3905/jot.2017.12.2.001
Microstructure under the Microscope: Tools to Survive and Thrive in the Age of (Too Much) Information,Ravi Kashyap,Spring 2017,12,(2),5-27,https://doi.org/10.3905/jot.2017.12.2.005
Quintet Volume Projection,"Vladimir Markov,Olga Vilenskaia and Vlad Rashkovich",Spring 2017,12,(2),28-43,https://doi.org/10.3905/jot.2017.12.2.028
Comparing Transition Track Records: An Attempt to Create Like-for-Like Comparisons,Ramon Tol,Spring 2017,12,(2),44-49,https://doi.org/10.3905/jot.2017.12.2.044
Conditional Probabilistic Analysis of Trade Ticks in Currency Derivatives Markets,Gaurav Raizada and S.V.D. Nageswara Rao,Spring 2017,12,(2),50-58,https://doi.org/10.3905/jot.2017.12.2.050
Price Discovery and Liquidity Characteristics for U.S. Electronic Futures and ETF Markets,"A. Senol Oztekin,Suchismita Mishra,Pankaj K. Jain,Robert T. Daigler,Sascha Strobl and Richard D. Holowczak",Spring 2017,12,(2),59-72,https://doi.org/10.3905/jot.2017.12.2.059
Can Trading Volume Validate Extreme Price Movements in the Age of Higher Algorithmic Trading Activities?,"Yu-Jung L. Avis,Chingfu Chang and Dandan Wu",Spring 2017,12,(2),73-87,https://doi.org/10.3905/jot.2017.12.2.073
Editor’s Letter,Brian R. Bruce,Summer 2017,12,(3),1,https://doi.org/10.3905/jot.2017.12.3.001
Footprints on a Blockchain: Trading and Information Leakage in Distributed Ledgers,"Rune Tevasvold Aune,Adam Krellenstein,Maureen O’Hara and Ouziel Slama",Summer 2017,12,(3),5-13,https://doi.org/10.3905/jot.2017.12.3.005
Market Makers under Extreme Market Conditions: Does Timing Matter?,"David Yechiam Aharon,Gitit Gur Gershgoren,Eyal Sharabi and Yaron Zelekha",Summer 2017,12,(3),14-29,https://doi.org/10.3905/jot.2017.12.3.014
Hidden Liquidity on the U.S. Stock Exchanges,Archana Jain and Chinmay Jain,Summer 2017,12,(3),30-36,https://doi.org/10.3905/jot.2017.12.3.030
Defeating the VPIN: Slipping into the Noise,E. Dan Glikstein and Lawrence Kryzanowski,Summer 2017,12,(3),37-47,https://doi.org/10.3905/jot.2017.12.3.037
High-Frequency Trading Patterns around Short-Term Volatility Spikes,"Todd G. Griffith,Bonnie F. Van Ness and Robert A. Van Ness",Summer 2017,12,(3),48-68,https://doi.org/10.3905/jot.2017.12.3.048
Social Media Sentiment and the FX Market,Ian Domowitz and Kumar Giritharan,Summer 2017,12,(3),70-79,https://doi.org/10.3905/jot.2017.12.3.070
Editor’s Letter,Brian R. Bruce,Fall 2017,12,(4),1,https://doi.org/10.3905/jot.2017.12.4.001
How Does a Stock Trade? Stock-Specific Peer Group Analysis and Its Application to Portfolio Liquidity,Ian Domowitz and Kumar Giritharan,Fall 2017,12,(4),5-16,https://doi.org/10.3905/jot.2017.12.4.005
Algorithmic Trading and Fragmentation,"Archana Jain,Chinmay Jain and Christine X. Jiang",Fall 2017,12,(4),18-28,https://doi.org/10.3905/jot.2017.12.4.018
Deconstructing Execution Cost and Risk,Lada Kyj and Bayao Zheng,Fall 2017,12,(4),29-37,https://doi.org/10.3905/jot.2017.12.4.029
DTER and DTTER as High-Frequency Trading Efficiency Ratios,Carlos Jorge Lenczewski Martins,Fall 2017,12,(4),39-55,https://doi.org/10.3905/jot.2017.12.4.039
Detecting Market Cycles Using Inverse-Logic Spectral Analysis,Dmytro Bondar,Fall 2017,12,(4),56-65,https://doi.org/10.3905/jot.2017.12.4.056
Liquidity in the U.K. Corporate Bond Market: Evidence from Trade Data,Matteo Aquilina and Felix Suntheim,Fall 2017,12,(4),67-80,https://doi.org/10.3905/jot.2017.12.4.067
Corrigendum: A Look at the Use of VIX Futures in Investment Portfolios: Buy-and-Hold versus Tactical Allocations,Travis L. Jones,Fall 2017,12,(4),81-83,https://doi.org/10.3905/jot.2017.12.4.081
Editor’s Letter,Brian R. Bruce,Winter 2018,13,(1),1,https://doi.org/10.3905/jot.2018.13.1.001
The Next Generation ETF Student-Managed Investment Program,"Robert C. Dolan,Jerry L. Stevens and Collin R. Zucker",Winter 2018,13,(1),7-16,https://doi.org/10.3905/jot.2018.13.1.007
Student-Managed Portfolios: Wisdom of Independent Crowds?,Daniel Dorn,Winter 2018,13,(1),17-26,https://doi.org/10.3905/jot.2018.13.1.017
Adding Value in Student-Managed Funds: Benchmark and Sector Selection,"J. Christopher Hughen,Jack Strauss and J.P. Tremblay",Winter 2018,13,(1),27-34,https://doi.org/10.3905/jot.2018.13.1.027
The Challenges of Managing a Student-Managed Fund,Paul Bolster and Harlan Platt,Winter 2018,13,(1),35-38,https://doi.org/10.3905/jot.2018.13.1.035
The Art and Science of Student-Managed Investment Portfolios,Rustin T. Yerkes,Winter 2018,13,(1),39-51,https://doi.org/10.3905/jot.2018.13.1.039
Fund Governance and Trade Events in a Student-Managed Portfolio,"Kathryn S. Berkow,Richard C. Jakotowicz and Bruce W. Weber",Winter 2018,13,(1),52-58,https://doi.org/10.3905/jot.2018.13.1.052
Integration of ESG Metrics into a Student-Managed Fund: Creating Sustainable Student-Managed Funds,"Asli Ascioglu,Kemal Saatcioglu and Adam Smith",Winter 2018,13,(1),59-71,https://doi.org/10.3905/jot.2018.13.1.059
The Impact of Market Conditions on Voting Results in a Student-Managed Fund,"Ariel I. Benton,Daniel Huerta-Sanchez and Mark K. Pyles",Winter 2018,13,(1),72-79,https://doi.org/10.3905/jot.2018.13.1.072
Issues in Running a Student-Managed Investment Fund with Part-Time Students,John M. Clark,Winter 2018,13,(1),80-83,https://doi.org/10.3905/jot.2018.13.1.080
Managing a Student-Managed Fund: The University of San Francisco Experience,Ludwig Chincarini and Tuan Anh Le,Winter 2018,13,(1),84-111,https://doi.org/10.3905/jot.2018.13.1.084
Editor’s Letter,Brian R. Bruce,Spring 2018,13,(2),1,https://doi.org/10.3905/jot.2018.13.2.001
Canceled Orders and Executed Hidden Orders,"Zhilu Lin,Bonnie F. Van Ness and Robert A. Van Ness",Spring 2018,13,(2),5-19,https://doi.org/10.3905/jot.2018.13.2.005
When Less Is More: Passive Volume Algos for Enhanced Performance,Paul Besson and Matthieu Lasnier,Spring 2018,13,(2),20-34,https://doi.org/10.3905/jot.2018.13.2.020
The Impact of MiFID II/MiFIR on European Market Structure: A Survey among Market Experts,"Peter Gomber,Benjamin Clapham,Jens Lausen and Sven Panz",Spring 2018,13,(2),35-46,https://doi.org/10.3905/jot.2018.13.2.035
Trading the VIX Futures Roll Using Exchange-Traded Funds,David L. Buehler and Patrick J. Cusatis,Spring 2018,13,(2),47-56,https://doi.org/10.3905/jot.2018.13.2.047
Optimal Leverage in Day Trading,Christian Lundström,Spring 2018,13,(2),57-68,https://doi.org/10.3905/jot.2018.13.2.057
Shorting Leveraged ETF Pairs,"Christopher Hessel,Jouahn Nam,Jun Wang,Cunyu Xing and Ge Zhang",Spring 2018,13,(2),69-79,https://doi.org/10.3905/jot.2018.13.2.069
Editor’s Letter,Brian R. Bruce,Summer 2018,13,(3),1,https://doi.org/10.3905/jot.2018.13.3.001
"MiFID II and Equity Market Liquidity, or There and Back Again",Harald Carlens and Duncan Higgins,Summer 2018,13,(3),5-12,https://doi.org/10.3905/jot.2018.13.3.005
Retail Order Flow Segmentation,Corey Garriott and Adrian Walton,Summer 2018,13,(3),13-23,https://doi.org/10.3905/jot.2018.13.3.013
"Municipal Bond Trading, Information Relatedness, and Natural Disasters","Brittany Cole,Bonnie Van Ness and Robert Van Ness",Summer 2018,13,(3),24-43,https://doi.org/10.3905/jot.2018.1.063
"Betas, Benchmarks, and Beating the Market",Zura Kakushadze and Willie Yu,Summer 2018,13,(3),44-66,https://doi.org/10.3905/jot.2018.13.3.044
A Posteriori Multistage Optimal Trading under Transaction Costs and a Diversification Constraint,Mogens Graf Plessen and Alberto Bemporad,Summer 2018,13,(3),67-83,https://doi.org/10.3905/jot.2018.1.064
Editor’s Letter,Brian R. Bruce,Fall 2018,13,(4),1-2,https://doi.org/10.3905/jot.2018.13.4.001
COMMENTARY: Volatility Forecasting,Haim A. Mozes and John Launny Steffens,Fall 2018,13,(4),10-13,https://doi.org/10.3905/jot.2018.13.4.010
Using Fundamental Earnings Factors to Forecast Equity Market Volatility,Haim A. Mozes and John Launny Steffens,Fall 2018,13,(4),14-19,https://doi.org/10.3905/jot.2018.13.4.014
"COMMENTARY: Commentary on “If Best Execution Is a Process, What Does That Process Look Like?”","Wayne H. Wagner,Mark Edwards and Steven Glass",Fall 2018,13,(4),20-21,https://doi.org/10.3905/jot.2018.13.4.020
"If Best Execution Is a Process, What Does That Process Look Like?",Wayne H. Wagner and Mark Edwards,Fall 2018,13,(4),22-26,https://doi.org/10.3905/jot.2018.13.4.022
COMMENTARY: Beyond the Black Box Revisited: Algorithmic Trading and TCA Analysis Using Excel,Robert Kissell,Fall 2018,13,(4),27-40,https://doi.org/10.3905/jot.2018.13.4.027
Creating Dynamic Pretrade Models: Beyond the Black Box,Robert Kissell,Fall 2018,13,(4),41-48,https://doi.org/10.3905/jot.2018.13.4.041
Footprints on a Blockchain: Trading and Information Leakage in Distributed Ledgers,"Rune Tevasvold Aune,Adam Krellenstein,Maureen O’Hara and Ouziel Slama",Fall 2018,13,(4),49-57,https://doi.org/10.3905/jot.2018.13.4.049
COMMENTARY: Retrospective: “Toward Greater Transparency and Efficiency in Trading Fixed-Income ETF Portfolios”,"Ananth Madhavan,Stephen Laipply and Aleksander Sobczyk",Fall 2018,13,(4),59-61,https://doi.org/10.3905/jot.2018.1.065
Toward Greater Transparency and Efficiency in Trading Fixed-Income ETF Portfolios,"Ananth Madhavan,Stephen Laipply and Aleksander Sobczyk",Fall 2018,13,(4),62-70,https://doi.org/10.3905/jot.2018.13.4.062
"COMMENTARY: Dark Pools, Fragmented Markets, and the Quality of Price Discovery: Commentary",Robert A. Schwartz,Fall 2018,13,(4),71-73,https://doi.org/10.3905/jot.2018.13.4.071
"Dark Pools, Fragmented Markets, and the Quality of Price Discovery",Robert A. Schwartz,Fall 2018,13,(4),74-79,https://doi.org/10.3905/jot.2018.13.4.074
COMMENTARY: A Market Structure That Fits the Needs of Portfolio Managers,Charles Polk and Evan Schulman,Fall 2018,13,(4),80-81,https://doi.org/10.3905/jot.2018.13.4.080
Market Structure Matters,Charles Polk and Evan Schulman,Fall 2018,13,(4),82-84,https://doi.org/10.3905/jot.2018.13.4.082
COMMENTARY: Chief Investment Officer (CIO) View of Trader Alpha Frontier (TAF),Vlad Rashkovich,Fall 2018,13,(4),85-87,https://doi.org/10.3905/jot.2018.13.4.085
Trader Alpha Frontier: A Framework for Portfolio Managers and Traders to Maximize Portfolio Performance,Vlad Rashkovich,Fall 2018,13,(4),88-98,https://doi.org/10.3905/jot.2018.13.4.088
COMMENTARY: Space Unicorns and the Intermarket Trading System: Revisiting Myths,James P. Selway,Fall 2018,13,(4),99,https://doi.org/10.3905/jot.2018.13.4.099
Five Myths About Listed Trading,James P. Selway,Fall 2018,13,(4),100-104,https://doi.org/10.3905/jot.2018.13.4.100
COMMENTARY: Trends in Volume Forecasting: Developments and Applications,"Venkatesh Satish,Max Palmer and Abhay Saxena",Fall 2018,13,(4),105-106,https://doi.org/10.3905/jot.2018.1.066
Predicting Intraday Trading Volume and Volume Percentages,"Venkatesh Satish,Abhay Saxena and Max Palmer",Fall 2018,13,(4),107-116,https://doi.org/10.3905/jot.2018.13.4.107
COMMENTARY: A Retrospective Look: Phantom Liquidity and High-Frequency Quoting,"Jesse Blocher,Rick Cooper,Jonathan Seddon and Ben Van Vliet",Fall 2018,13,(4),117-118,https://doi.org/10.3905/jot.2018.13.4.117
Phantom Liquidity and High-Frequency Quoting,"Jesse Blocher,Rick Cooper,Jonathan Seddon and Ben Van Vliet",Fall 2018,13,(4),119-128,https://doi.org/10.3905/jot.2018.13.4.119
COMMENTARY: Reflections on “Cluster Analysis for Evaluating Trading Strategies”,Jeffrey M. Bacidore,Fall 2018,13,(4),130-131,https://doi.org/10.3905/jot.2018.13.4.130
Cluster Analysis for Evaluating Trading Strategies,"Jeff Bacidore,Kathryn Berkow,Ben Polidore and Nigam Saraiya",Fall 2018,13,(4),132-137,https://doi.org/10.3905/jot.2018.13.4.132
Machine Learning for Algorithmic Trading and Trade Schedule Optimization,Robert Kissell and Jungsun “Sunny” Bae,Fall 2018,13,(4),138-147,https://doi.org/10.3905/jot.2018.13.4.138
